{"cameraMode":{"drawMode":0,"name":"Shaded","section":"Shading Mode"},"sceneLighting":true,"audioPlay":false,"sceneViewState":{"m_AlwaysRefresh":false,"showFog":true,"showSkybox":true,"showFlares":true,"showImageEffects":true,"showParticleSystems":true,"showVisualEffectGraphs":true,"m_FxEnabled":true},"in2DMode":false,"pivot":{"x":-0.38795047998428347,"y":33.48679733276367,"z":9.367033958435059},"rotation":{"x":0.0006899398285895586,"y":0.8104932308197022,"z":-0.5857565402984619,"w":0.000947874563280493},"size":2.0886058807373049,"orthographic":false}