{"cameraMode":{"drawMode":0,"name":"Shaded","section":"Shading Mode"},"sceneLighting":false,"audioPlay":false,"sceneViewState":{"m_AlwaysRefresh":false,"showFog":true,"showSkybox":false,"showFlares":true,"showImageEffects":true,"showParticleSystems":true,"showVisualEffectGraphs":true,"m_FxEnabled":true},"in2DMode":false,"pivot":{"x":5.5666961669921879,"y":0.9727969765663147,"z":-3.4676880836486818},"rotation":{"x":-0.12825137376785279,"y":-0.7278764843940735,"z":0.14172516763210298,"w":-0.6586251854896545},"size":0.4330157935619354,"orthographic":false}